﻿<?xml version="1.0" encoding="utf-8" standalone="yes"?>
<?xml-stylesheet type="text/xsl" href="http://www.accessdata.fda.gov/spl/stylesheet/spl.xsl"?>
<document xmlns:xsi="http://www.w3.org/2001/XMLSchema-instance" xsi:schemaLocation="urn:hl7-org:v3 http://www.accessdata.fda.gov/spl/schema/spl.xsd" xmlns="urn:hl7-org:v3">
  <id root="3ed88dfc-7621-428f-afad-e5940ecbad37" />
  <code code="64124-1" codeSystem="2.16.840.1.113883.6.1" displayName="Indexing - Substance" />
  <title />
  <effectiveTime value="20160630" />
  <setId root="fd68e5f4-1957-4ff0-b79e-da959de546be" />
  <versionNumber value="2" />
  <author>
    <assignedEntity>
      <representedOrganization>
        <id extension="927645523" root="1.3.6.1.4.1.519.1" />
        <name>Food and Drug Administration</name>
      </representedOrganization>
    </assignedEntity>
  </author>
  <component>
    <structuredBody>
      <component>
        <section>
          <id root="24c8cef0-0907-49c6-85ef-ee8161147cb8" />
          <code code="48779-3" codeSystem="2.16.840.1.113883.6.1" displayName="SPL indexing data elements section" />
          <effectiveTime value="20160630" />
          <subject>
            <identifiedSubstance>
              <id extension="YCP1X6C60L" root="2.16.840.1.113883.4.9" />
              <identifiedSubstance>
                <code code="YCP1X6C60L" codeSystem="2.16.840.1.113883.4.9" />
                <asEquivalentSubstance>
                  <definingSubstance>
                    <code code="cac497b8-928e-b375-924a-dbc24a18e948" codeSystem="2.16.840.1.113883.3.2705" />
                  </definingSubstance>
                </asEquivalentSubstance>
                <moiety>
                  <code code="C118424" codeSystem="2.16.840.1.113883.3.26.1.1" displayName="PROTEIN SUBUNIT" />
                  <quantity>
                    <numerator value="1" unit="mol" />
                    <denominator value="1" unit="mol" />
                  </quantity>
                  <partMoiety>
                    <id extension="SU1" root="3ed88dfc-7621-428f-afad-e5940ecbad37" />
                  </partMoiety>
                  <subjectOf>
                    <characteristic>
                      <code code="C103240" codeSystem="2.16.840.1.113883.3.26.1.1" displayName="Chemical Structure" />
                      <value xsi:type="ST" mediaType="application/x-aa-seq">GIVEQCCTSICSLYQLENYCN</value>
                    </characteristic>
                  </subjectOf>
                </moiety>
                <moiety>
                  <code code="C118424" codeSystem="2.16.840.1.113883.3.26.1.1" displayName="PROTEIN SUBUNIT" />
                  <quantity>
                    <numerator value="1" unit="mol" />
                    <denominator value="1" unit="mol" />
                  </quantity>
                  <partMoiety>
                    <id extension="SU2" root="3ed88dfc-7621-428f-afad-e5940ecbad37" />
                  </partMoiety>
                  <subjectOf>
                    <characteristic>
                      <code code="C103240" codeSystem="2.16.840.1.113883.3.26.1.1" displayName="Chemical Structure" />
                      <value xsi:type="ST" mediaType="application/x-aa-seq">VNQHLCGSHLVEALYLVCGERGFFYTPKA</value>
                    </characteristic>
                  </subjectOf>
                </moiety>
                <moiety>
                  <code code="C118425" codeSystem="2.16.840.1.113883.3.26.1.1" displayName="STRUCTURAL MODIFICATION" />
                  <partMoiety>
                    <code code="cys-cys" codeSystem="3ed88dfc-7621-428f-afad-e5940ecbad37" displayName="Cysteine disulfide" />
                    <bond>
                      <code code="C118426" codeSystem="2.16.840.1.113883.3.26.1.1" displayName="AMINO ACID SUBSTITUTION POINT" />
                      <positionNumber value="2" />
                      <positionNumber value="6" />
                      <distalMoiety>
                        <id extension="SU1" root="3ed88dfc-7621-428f-afad-e5940ecbad37" />
                      </distalMoiety>
                    </bond>
                    <bond>
                      <code code="C118426" codeSystem="2.16.840.1.113883.3.26.1.1" displayName="AMINO ACID SUBSTITUTION POINT" />
                      <positionNumber value="1" />
                      <positionNumber value="7" />
                      <distalMoiety>
                        <id extension="SU2" root="3ed88dfc-7621-428f-afad-e5940ecbad37" />
                      </distalMoiety>
                    </bond>
                  </partMoiety>
                </moiety>
                <moiety>
                  <code code="C118425" codeSystem="2.16.840.1.113883.3.26.1.1" displayName="STRUCTURAL MODIFICATION" />
                  <partMoiety>
                    <code code="cys-cys" codeSystem="3ed88dfc-7621-428f-afad-e5940ecbad37" displayName="Cysteine disulfide" />
                    <bond>
                      <code code="C118426" codeSystem="2.16.840.1.113883.3.26.1.1" displayName="AMINO ACID SUBSTITUTION POINT" />
                      <positionNumber value="2" />
                      <positionNumber value="18" />
                      <distalMoiety>
                        <id extension="SU1" root="3ed88dfc-7621-428f-afad-e5940ecbad37" />
                      </distalMoiety>
                    </bond>
                    <bond>
                      <code code="C118426" codeSystem="2.16.840.1.113883.3.26.1.1" displayName="AMINO ACID SUBSTITUTION POINT" />
                      <positionNumber value="1" />
                      <positionNumber value="20" />
                      <distalMoiety>
                        <id extension="SU2" root="3ed88dfc-7621-428f-afad-e5940ecbad37" />
                      </distalMoiety>
                    </bond>
                  </partMoiety>
                </moiety>
                <moiety>
                  <code code="C118425" codeSystem="2.16.840.1.113883.3.26.1.1" displayName="STRUCTURAL MODIFICATION" />
                  <partMoiety>
                    <code code="cys-cys" codeSystem="3ed88dfc-7621-428f-afad-e5940ecbad37" displayName="Cysteine disulfide" />
                    <bond>
                      <code code="C118426" codeSystem="2.16.840.1.113883.3.26.1.1" displayName="AMINO ACID SUBSTITUTION POINT" />
                      <positionNumber value="2" />
                      <positionNumber value="6" />
                      <distalMoiety>
                        <id extension="SU2" root="3ed88dfc-7621-428f-afad-e5940ecbad37" />
                      </distalMoiety>
                    </bond>
                    <bond>
                      <code code="C118426" codeSystem="2.16.840.1.113883.3.26.1.1" displayName="AMINO ACID SUBSTITUTION POINT" />
                      <positionNumber value="1" />
                      <positionNumber value="11" />
                      <distalMoiety>
                        <id extension="SU2" root="3ed88dfc-7621-428f-afad-e5940ecbad37" />
                      </distalMoiety>
                    </bond>
                  </partMoiety>
                </moiety>
              </identifiedSubstance>
              <subjectOf>
                <characteristic>
                  <code code="9997-6" codeSystem="2.16.840.1.113883.6.1" displayName="molecular mass, computed from formula" />
                  <value xsi:type="ST" mediaType="text/plain"> = &lt;5630&gt; DA</value>
                </characteristic>
              </subjectOf>
            </identifiedSubstance>
          </subject>
          <subject>
            <identifiedSubstance>
              <id extension="cys-cys" root="3ed88dfc-7621-428f-afad-e5940ecbad37" />
              <identifiedSubstance>
                <id extension="cys-cys" root="3ed88dfc-7621-428f-afad-e5940ecbad37" />
                <code code="48TCX9A1VT" codeSystem="2.16.840.1.113883.4.9" />
                <moiety>
                  <quantity>
                    <numerator value="1" unit="mol" />
                    <denominator value="1" unit="mol" />
                  </quantity>
                  <partMoiety>
                    <code code="48TCX9A1VT" codeSystem="2.16.840.1.113883.4.9" />
                  </partMoiety>
                  <subjectOf>
                    <characteristic>
                      <code code="C103240" codeSystem="2.16.840.1.113883.3.26.1.1" displayName="Chemical Structure" />
                      <value xsi:type="ST" mediaType="application/x-mdl-molfile"><![CDATA[
  -ISIS-  06101519152D

 14 13  0  0  1  0  0  0  0  0999 V2000
    9.0500   -3.4875    0.0000 C   0  0  0  0  0  0  0  0  0  0  0  0
    3.2875   -3.9917    0.0000 C   0  0  0  0  0  0  0  0  0  0  0  0
    4.1417   -3.5042    0.0000 C   0  0  2  0  0  0  0  0  0  0  0  0
    8.2500   -3.9292    0.0000 C   0  0  2  0  0  0  0  0  0  0  0  0
    9.0500   -2.6167    0.0000 O   0  0  0  0  0  0  0  0  0  0  0  0
    3.2875   -4.8875    0.0000 O   0  0  0  0  0  0  0  0  0  0  0  0
    7.4000   -3.4875    0.0000 C   0  0  0  0  0  0  0  0  0  0  0  0
    4.9667   -3.9625    0.0000 C   0  0  0  0  0  0  0  0  0  0  0  0
    4.1417   -2.5625    0.0000 N   0  0  0  0  0  0  0  0  0  0  0  0
    8.2500   -4.8875    0.0000 N   0  0  0  0  0  0  0  0  0  0  0  0
    6.5917   -3.9625    0.0000 S   0  0  0  0  0  0  0  0  0  0  0  0
    5.7917   -3.4875    0.0000 S   0  0  0  0  0  0  0  0  0  0  0  0
    9.8750   -3.9292    0.0000 O   0  0  0  0  0  0  0  0  0  0  0  0
    2.5042   -3.5042    0.0000 O   0  0  0  0  0  0  0  0  0  0  0  0
  2  3  1  0  0  0  0
  3  8  1  0  0  0  0
  4  1  1  0  0  0  0
  5  1  2  0  0  0  0
  6  2  2  0  0  0  0
  7  4  1  0  0  0  0
  8 12  1  0  0  0  0
  3  9  1  1  0  0  0
  4 10  1  1  0  0  0
 11  7  1  0  0  0  0
 12 11  1  0  0  0  0
 13  1  1  0  0  0  0
 14  2  1  0  0  0  0
M  END
]]></value>
                    </characteristic>
                  </subjectOf>
                  <subjectOf>
                    <characteristic>
                      <code code="C103240" codeSystem="2.16.840.1.113883.3.26.1.1" displayName="Chemical Structure InChI" />
                      <value xsi:type="ST" mediaType="application/x-inchi">InChI=1S/C6H12N2O4S2/c7-3(5(9)10)1-13-14-2-4(8)6(11)12/h3-4H,1-2,7-8H2,(H,9,10)(H,11,12)/t3-,4-/m0/s1</value>
                    </characteristic>
                  </subjectOf>
                  <subjectOf>
                    <characteristic>
                      <code code="C103240" codeSystem="2.16.840.1.113883.3.26.1.1" displayName="Chemical Structure InChIKey" />
                      <value xsi:type="ST" mediaType="application/x-inchi-key">LEVWYRKDKASIDU-IMJSIDKUSA-N</value>
                    </characteristic>
                  </subjectOf>
                </moiety>
                <moiety>
                  <code code="C118427" codeSystem="2.16.840.1.113883.3.26.1.1" displayName="AMINO ACID CONNECTION POINTS" />
                  <positionNumber value="7" />
                  <positionNumber value="5" />
                  <partMoiety />
                </moiety>
                <moiety>
                  <code code="C118427" codeSystem="2.16.840.1.113883.3.26.1.1" displayName="AMINO ACID CONNECTION POINTS" />
                  <positionNumber value="8" />
                  <positionNumber value="6" />
                  <partMoiety />
                </moiety>
              </identifiedSubstance>
            </identifiedSubstance>
          </subject>
        </section>
      </component>
    </structuredBody>
  </component>
</document>